customer_id,first_name,last_name,email,phone,loyalty_tier,created_date
1,Amelia,Lee,alee8179@outlook.com,605-858-8517,None,2024-05-22
2,Reese,Scott,rscott4304@proton.me,964-798-8019,Gold,2025-02-12
3,Kai,Anderson,kanderson8348@outlook.com,705-293-1771,Gold,2024-06-05
4,Sam,Ramirez,sramirez1040@proton.me,594-590-8668,None,2025-07-20
5,Alex,Davis,adavis4371@proton.me,987-856-6573,None,2025-03-21
6,Sam,Robinson,srobinson4315@gmail.com,712-980-3927,None,2024-04-18
7,Elliot,Allen,eallen3258@proton.me,356-582-3646,None,2025-06-27
8,Alex,Hill,ahill8005@yahoo.com,219-314-6947,Gold,2024-11-10
9,Reese,Brown,rbrown9295@outlook.com,280-287-8962,Gold,2025-06-29
10,Cameron,Rodriguez,crodriguez9007@icloud.com,369-471-9645,Gold,2025-03-09
11,Parker,Wright,pwright5107@outlook.com,608-887-7118,None,2025-06-13
12,Sophia,Davis,sdavis3681@outlook.com,265-546-1344,Silver,2024-08-23
13,Hayden,Smith,hsmith964@gmail.com,434-269-1514,Gold,2024-03-13
14,Ethan,Thomas,ethomas7953@yahoo.com,419-752-3167,Silver,2025-08-07
15,Amelia,Walker,awalker7749@outlook.com,616-394-2545,None,2025-03-17
16,Emerson,Ramirez,eramirez7651@icloud.com,946-255-2612,None,2024-12-13
17,Avery,Thomas,athomas3116@outlook.com,749-659-3296,None,2024-10-12
18,Liam,Thomas,lthomas7260@gmail.com,763-300-1828,Silver,2025-07-07
19,Alex,Garcia,agarcia2724@outlook.com,616-697-8886,None,2025-02-14
20,Morgan,Hernandez,mhernandez35@icloud.com,599-471-8454,None,2025-12-14
21,Lucas,Young,lyoung3111@outlook.com,503-422-1958,Silver,2025-07-09
22,Morgan,Lee,mlee821@gmail.com,798-688-9238,Gold,2025-06-27
23,Sam,Brown,sbrown1312@proton.me,390-270-2113,Silver,2024-08-28
24,Mason,Davis,mdavis4033@proton.me,792-808-1651,Silver,2025-03-05
25,Amelia,King,aking4272@yahoo.com,409-885-6147,None,2025-02-09
26,Cameron,Martin,cmartin5180@icloud.com,969-274-1152,None,2025-07-30
27,Avery,Jones,ajones3492@proton.me,718-471-3170,Gold,2024-03-11
28,Reese,White,rwhite2584@yahoo.com,648-756-5956,Silver,2025-10-31
29,Ava,Smith,asmith4905@proton.me,879-306-3200,None,2024-04-19
30,Lucas,Martinez,lmartinez4616@yahoo.com,819-415-6617,None,2025-10-11
31,Skyler,Allen,sallen4114@icloud.com,252-294-7939,Gold,2024-02-15
32,Alex,Perez,aperez4291@outlook.com,365-959-8239,Silver,2025-03-13
33,Lucas,Smith,lsmith1232@gmail.com,907-352-9938,None,2025-01-13
34,Lucas,Martinez,lmartinez2088@icloud.com,242-515-6974,Gold,2024-02-10
35,Emerson,Wilson,ewilson1684@outlook.com,562-998-7658,Platinum,2024-06-07
36,Reese,Hernandez,rhernandez6755@outlook.com,225-383-6442,Silver,2025-02-25
37,Reese,Moore,rmoore1771@outlook.com,591-239-8711,None,2025-04-16
38,Emerson,Martin,emartin3652@outlook.com,224-875-4164,None,2024-10-12
39,Casey,Moore,cmoore8346@yahoo.com,609-895-9785,None,2024-01-29
40,Jamie,Taylor,jtaylor9512@outlook.com,471-239-2776,Silver,2024-12-19
41,Jesse,Ramirez,jramirez8379@proton.me,318-594-4114,None,2025-12-26
42,Olivia,Smith,osmith8821@proton.me,903-936-4228,None,2024-03-12
43,Dakota,Flores,dflores2041@yahoo.com,937-507-9308,None,2025-02-22
44,Jesse,Sanchez,jsanchez9083@yahoo.com,330-396-7888,Silver,2025-01-23
45,Charlie,Flores,cflores4930@proton.me,615-761-1006,None,2024-08-03
46,Olivia,Nguyen,onguyen5279@proton.me,676-652-8244,Silver,2025-06-07
47,Emma,Hernandez,ehernandez4649@gmail.com,727-879-6491,None,2024-08-28
48,Elliot,Anderson,eanderson2414@outlook.com,225-247-5011,Platinum,2025-09-17
49,Casey,Robinson,crobinson9431@icloud.com,399-935-7291,None,2024-09-06
50,Drew,Smith,dsmith6965@gmail.com,424-380-9486,None,2025-07-24
51,Reese,Davis,rdavis2184@icloud.com,675-883-9702,Platinum,2025-09-01
52,Jesse,Lewis,jlewis8270@proton.me,636-761-8305,Gold,2025-05-01
53,Sophia,Taylor,staylor4543@outlook.com,984-996-9540,None,2024-09-01
54,Rowan,Lewis,rlewis4681@gmail.com,440-478-6502,None,2025-07-07
55,Riley,Rodriguez,rrodriguez3788@outlook.com,592-910-3503,Silver,2024-03-06
56,Noah,Clark,nclark8890@yahoo.com,677-625-2020,None,2025-03-06
57,Logan,Nguyen,lnguyen9432@gmail.com,589-688-1096,Gold,2024-11-01
58,Logan,Clark,lclark8947@proton.me,817-425-8999,None,2025-03-22
59,Mia,Johnson,mjohnson5507@icloud.com,884-895-7624,Silver,2025-04-23
60,Cameron,Flores,cflores441@proton.me,603-806-1444,None,2025-03-14
61,Cameron,Robinson,crobinson823@outlook.com,466-588-6363,None,2024-11-30
62,Dakota,Harris,dharris6906@yahoo.com,458-283-8705,None,2025-07-06
63,Morgan,Thompson,mthompson1124@outlook.com,999-867-1659,Silver,2024-09-10
64,Quinn,Johnson,qjohnson2496@proton.me,444-329-8758,Silver,2025-07-31
65,Parker,Robinson,probinson6043@yahoo.com,371-820-2876,Silver,2024-06-16
66,Elliot,Miller,emiller420@proton.me,519-789-7149,None,2024-07-22
67,Casey,Nguyen,cnguyen1669@outlook.com,913-991-5941,Gold,2025-09-06
68,Jamie,Torres,jtorres5688@gmail.com,745-638-7071,None,2025-10-25
69,Dakota,Smith,dsmith8031@icloud.com,308-643-6934,Silver,2025-04-15
70,Drew,Ramirez,dramirez8548@outlook.com,866-476-9817,Silver,2025-04-21
71,Olivia,Nguyen,onguyen5280@yahoo.com,451-288-5569,Gold,2024-09-06
72,Liam,Torres,ltorres6209@proton.me,544-229-9098,Gold,2024-07-05
73,Mia,Wilson,mwilson4232@yahoo.com,548-486-5526,Silver,2025-06-13
74,Quinn,Garcia,qgarcia6658@outlook.com,700-768-4937,Silver,2025-10-23
75,Mia,Lewis,mlewis1524@gmail.com,501-426-7625,Silver,2024-11-09
76,Kai,Walker,kwalker8698@proton.me,552-635-6419,None,2025-04-09
77,Rowan,Martin,rmartin3777@yahoo.com,323-938-4155,None,2025-07-02
78,Charlie,Gonzalez,cgonzalez7933@outlook.com,483-941-9595,Silver,2024-04-12
79,Quinn,Jackson,qjackson5912@outlook.com,383-509-1231,Silver,2024-05-09
80,Rowan,Williams,rwilliams9066@gmail.com,499-914-3068,Silver,2025-05-17
81,Avery,Smith,asmith4658@proton.me,680-690-8216,None,2024-02-22
82,Skyler,Walker,swalker1070@gmail.com,610-703-2213,Silver,2025-12-03
83,Morgan,Martinez,mmartinez9221@outlook.com,511-287-5066,None,2025-03-02
84,Hayden,King,hking7381@icloud.com,653-504-8025,None,2025-09-27
85,Morgan,Flores,mflores3404@gmail.com,840-416-5335,Silver,2024-06-09
86,Reese,Lopez,rlopez1229@proton.me,360-202-7693,None,2025-08-31
87,Emma,Jackson,ejackson3792@gmail.com,495-923-5632,Silver,2025-04-09
88,Casey,Anderson,canderson9663@yahoo.com,877-402-7965,None,2024-08-18
89,Drew,Moore,dmoore1169@outlook.com,261-369-6039,Silver,2025-08-05
90,Finley,Lewis,flewis7679@gmail.com,905-511-7594,Gold,2025-05-27
91,Isabella,Young,iyoung1317@icloud.com,812-240-8078,Silver,2025-09-10
92,Skyler,Johnson,sjohnson3750@gmail.com,890-789-1339,Platinum,2025-11-19
93,Rowan,Torres,rtorres2870@gmail.com,681-731-8245,Gold,2024-07-04
94,Olivia,Young,oyoung7700@gmail.com,556-618-6460,None,2024-04-17
95,Sam,Perez,sperez8117@icloud.com,495-878-7561,Gold,2025-07-17
96,Taylor,Robinson,trobinson5153@gmail.com,458-531-2899,Platinum,2025-02-17
97,Ethan,Smith,esmith7569@proton.me,623-255-4073,None,2025-09-29
98,Mia,Lewis,mlewis3335@gmail.com,473-762-3146,Gold,2025-03-24
99,Mia,Davis,mdavis9975@gmail.com,445-926-3594,None,2024-01-15
100,Lucas,Clark,lclark3681@gmail.com,316-672-2924,Silver,2024-06-06
101,Mia,Jackson,mjackson4479@proton.me,625-694-8736,None,2025-07-18
102,Drew,Harris,dharris9820@outlook.com,720-964-3236,Gold,2024-10-09
103,Noah,Perez,nperez4377@proton.me,202-489-5891,Gold,2025-08-16
104,Mia,Martinez,mmartinez8824@icloud.com,695-553-6446,Silver,2025-07-10
105,Logan,Robinson,lrobinson3090@yahoo.com,914-444-7274,None,2025-02-24
106,Taylor,Lee,tlee6246@icloud.com,595-879-3492,None,2024-02-07
107,Cameron,Allen,callen5439@proton.me,302-650-2633,None,2025-04-12
108,Alex,Martinez,amartinez2529@icloud.com,276-680-5342,None,2025-12-10
109,Mason,Garcia,mgarcia8742@yahoo.com,589-524-8994,Gold,2024-02-06
110,Casey,Thomas,cthomas3727@yahoo.com,964-292-8110,Platinum,2025-10-10
111,Avery,Lewis,alewis4906@outlook.com,229-247-6314,Silver,2024-10-27
112,Emerson,White,ewhite2385@icloud.com,450-743-7751,Silver,2024-07-03
113,Sam,Lopez,slopez9985@gmail.com,591-834-4945,None,2025-08-20
114,Drew,Anderson,danderson4161@icloud.com,670-461-1153,Gold,2025-04-21
115,Finley,Wright,fwright1210@outlook.com,652-553-5901,Silver,2025-03-10
116,Skyler,Robinson,srobinson3263@yahoo.com,593-694-2747,None,2025-08-08
117,Emerson,Torres,etorres4837@yahoo.com,222-874-7484,None,2025-08-02
118,Morgan,Hill,mhill4689@icloud.com,994-435-6772,None,2024-07-13
119,Skyler,Rodriguez,srodriguez645@gmail.com,516-651-1546,Silver,2024-05-14
120,Riley,Jackson,rjackson6807@yahoo.com,379-405-3165,Silver,2025-01-09
121,Ava,Allen,aallen2695@yahoo.com,463-693-5835,Silver,2024-12-12
122,Jamie,Robinson,jrobinson2306@gmail.com,972-431-7511,Platinum,2025-07-24
123,Kai,Garcia,kgarcia228@icloud.com,470-749-3024,None,2025-11-19
124,Skyler,Nguyen,snguyen6086@icloud.com,310-891-4830,None,2025-09-26
125,Lucas,Lee,llee3626@proton.me,863-264-8606,Gold,2024-11-05
126,Noah,Davis,ndavis742@outlook.com,238-511-9071,None,2024-08-28
127,Isabella,Rodriguez,irodriguez7432@icloud.com,579-886-9850,None,2024-06-07
128,Noah,Miller,nmiller6686@icloud.com,486-233-7070,None,2025-03-31
129,Reese,White,rwhite6018@gmail.com,757-860-6876,None,2024-10-09
130,Quinn,Davis,qdavis1501@icloud.com,878-417-1349,None,2024-12-07
131,Reese,Rodriguez,rrodriguez3362@proton.me,270-983-4394,Silver,2024-08-26
132,Dakota,Martinez,dmartinez46@proton.me,483-348-3129,None,2024-06-27
133,Jamie,Johnson,jjohnson243@outlook.com,566-443-6304,None,2024-09-28
134,Morgan,Rodriguez,mrodriguez8619@icloud.com,316-963-2041,None,2025-01-05
135,Ethan,Nguyen,enguyen7405@gmail.com,715-426-1710,Silver,2025-11-05
136,Ava,Martin,amartin510@icloud.com,262-690-7580,None,2024-04-20
137,Mia,Lewis,mlewis1323@gmail.com,529-822-3430,None,2024-10-08
138,Lucas,Lee,llee9787@icloud.com,743-501-8433,None,2025-03-16
139,Avery,Davis,adavis3522@proton.me,640-662-4743,None,2025-04-09
140,Mason,Clark,mclark5120@gmail.com,637-520-5176,None,2024-06-05
141,Emma,Jones,ejones1398@gmail.com,295-642-2582,Silver,2025-01-16
142,Cameron,Scott,cscott9608@gmail.com,775-775-6400,Silver,2025-02-24
143,Emerson,Ramirez,eramirez4712@gmail.com,814-519-6761,None,2025-06-03
144,Parker,Martinez,pmartinez3674@icloud.com,310-558-7022,None,2024-10-12
145,Amelia,Anderson,aanderson9190@icloud.com,985-836-1430,Silver,2025-11-04
146,Rowan,Johnson,rjohnson4477@outlook.com,919-980-6062,Gold,2024-12-25
147,Alex,Lopez,alopez9278@outlook.com,873-610-2140,None,2025-10-10
148,Jordan,Garcia,jgarcia3524@proton.me,585-629-8432,None,2025-01-13
149,Elliot,Lee,elee9768@proton.me,286-253-3549,None,2025-09-24
150,Morgan,Garcia,mgarcia7259@yahoo.com,877-634-8957,Silver,2025-02-28
151,Rowan,Wilson,rwilson1864@proton.me,553-640-2816,None,2025-11-25
152,Mia,King,mking744@yahoo.com,425-604-1897,None,2024-11-04
153,Parker,Rodriguez,prodriguez4742@yahoo.com,535-322-1126,None,2025-03-16
154,Charlie,Rodriguez,crodriguez8725@icloud.com,920-435-9196,Silver,2025-11-15
155,Emerson,Jones,ejones693@icloud.com,646-219-8532,Gold,2024-11-16
156,Amelia,Ramirez,aramirez6626@proton.me,926-855-7843,None,2025-02-18
157,Jordan,Lee,jlee7538@outlook.com,906-570-2443,None,2024-04-18
158,Reese,Ramirez,rramirez6560@proton.me,736-280-7484,Gold,2024-12-13
159,Hayden,Perez,hperez1251@outlook.com,722-848-2868,None,2024-07-17
160,Emerson,Thompson,ethompson3871@outlook.com,305-349-5193,None,2025-09-08
161,Drew,Jones,djones8095@outlook.com,675-972-8354,Silver,2025-08-01
162,Jesse,Lee,jlee7205@outlook.com,269-680-8245,Silver,2024-10-08
163,Morgan,Thompson,mthompson1215@proton.me,517-672-8404,None,2025-01-12
164,Finley,Jones,fjones9733@gmail.com,719-593-8581,Silver,2024-02-12
165,Sophia,Torres,storres5267@outlook.com,819-687-9214,None,2024-03-04
166,Sophia,Miller,smiller1381@yahoo.com,716-861-3827,None,2025-12-25
167,Sophia,Lewis,slewis8564@proton.me,824-362-6962,None,2024-10-16
168,Logan,Clark,lclark9795@yahoo.com,253-846-6482,None,2024-04-06
169,Lucas,Harris,lharris4128@yahoo.com,941-872-3463,None,2025-08-19
170,Drew,Thompson,dthompson6421@yahoo.com,332-809-2388,None,2025-01-20
171,Dakota,Rodriguez,drodriguez1531@proton.me,861-886-7937,None,2024-01-19
172,Kai,Martin,kmartin3509@outlook.com,549-984-8967,None,2024-05-20
173,Drew,Jones,djones1657@yahoo.com,719-989-9843,Gold,2025-06-23
174,Taylor,Perez,tperez2147@proton.me,811-585-3527,None,2025-12-10
175,Sam,Lewis,slewis6731@gmail.com,573-892-4891,Platinum,2025-09-17
176,Finley,Lewis,flewis8749@outlook.com,444-516-8684,Gold,2024-07-17
177,Kai,Torres,ktorres7564@icloud.com,987-488-7256,None,2025-03-04
178,Sam,Gonzalez,sgonzalez2267@proton.me,456-253-8873,Gold,2025-07-21
179,Avery,King,aking4670@gmail.com,285-981-3626,None,2025-06-09
180,Drew,Ramirez,dramirez3637@gmail.com,661-557-1436,None,2025-02-09
181,Ethan,White,ewhite6326@outlook.com,283-583-4678,None,2024-04-11
182,Dakota,Martinez,dmartinez627@outlook.com,493-683-3273,Silver,2025-04-25
183,Sophia,Flores,sflores1298@gmail.com,219-462-4533,Gold,2025-07-15
184,Ava,Ramirez,aramirez4720@gmail.com,443-508-2996,None,2025-03-05
185,Liam,Jones,ljones8189@gmail.com,811-748-1269,Silver,2025-08-11
186,Reese,Martinez,rmartinez7032@yahoo.com,201-829-6780,None,2025-03-02
187,Charlie,Garcia,cgarcia5908@proton.me,269-738-9914,None,2025-06-03
188,Lucas,Johnson,ljohnson7702@icloud.com,244-850-7338,Platinum,2024-09-16
189,Jordan,Thompson,jthompson5649@gmail.com,446-950-2698,Silver,2024-12-06
190,Cameron,Williams,cwilliams8945@yahoo.com,546-858-3868,Gold,2025-12-02
191,Liam,Walker,lwalker2209@outlook.com,264-933-8498,None,2024-07-25
192,Taylor,Gonzalez,tgonzalez5170@gmail.com,517-727-7524,Platinum,2025-07-10
193,Emma,Taylor,etaylor3131@gmail.com,492-565-1783,Gold,2024-12-05
194,Rowan,Davis,rdavis7159@yahoo.com,609-961-8204,Gold,2025-01-30
195,Dakota,Lopez,dlopez8151@icloud.com,576-731-5369,Gold,2025-03-10
196,Riley,Ramirez,rramirez2956@proton.me,758-500-6262,None,2024-12-01
197,Finley,Martin,fmartin9873@icloud.com,934-636-3730,Silver,2024-12-25
198,Sophia,Williams,swilliams7126@yahoo.com,481-854-1939,None,2025-10-14
199,Mason,White,mwhite2621@proton.me,231-346-8179,None,2024-03-09
200,Reese,White,rwhite6272@yahoo.com,780-233-3513,Silver,2025-01-14
201,Kai,Lewis,klewis9403@gmail.com,340-742-7012,None,2025-10-27
202,Rowan,Thomas,rthomas424@gmail.com,953-390-9176,None,2025-07-29
203,Jamie,Taylor,jtaylor7311@yahoo.com,419-826-5678,Silver,2025-05-17
204,Quinn,Davis,qdavis1213@outlook.com,662-376-8292,Platinum,2025-11-29
205,Jesse,Thompson,jthompson9011@gmail.com,755-497-5914,Gold,2025-12-29
206,Charlie,White,cwhite3673@proton.me,324-405-3275,None,2025-05-20
207,Jordan,White,jwhite9376@proton.me,577-678-3126,Silver,2024-03-29
208,Casey,Martin,cmartin7842@icloud.com,738-620-7708,Gold,2024-03-16
209,Cameron,Lee,clee7372@gmail.com,677-896-9476,None,2025-07-18
210,Charlie,Rodriguez,crodriguez8238@icloud.com,256-327-9488,None,2024-06-17
211,Sam,Lee,slee5669@outlook.com,731-490-2292,None,2025-10-12
212,Lucas,Moore,lmoore4961@outlook.com,829-746-2530,None,2024-06-21
213,Drew,Hernandez,dhernandez9914@proton.me,545-777-1674,Gold,2024-01-30
214,Riley,Williams,rwilliams4336@proton.me,866-415-7825,Silver,2024-02-01
215,Mia,Wright,mwright4949@yahoo.com,694-450-7653,None,2024-03-15
216,Morgan,Hernandez,mhernandez6809@icloud.com,695-675-4342,None,2024-05-27
217,Jesse,Lee,jlee6532@yahoo.com,333-978-7070,None,2024-04-18
218,Jesse,Thomas,jthomas2007@icloud.com,473-660-5061,None,2024-02-21
219,Finley,Harris,fharris6850@proton.me,454-363-6364,Gold,2024-11-16
220,Quinn,Hernandez,qhernandez8433@icloud.com,678-710-6055,None,2024-04-02
221,Mason,Allen,mallen3944@icloud.com,420-797-6781,None,2024-10-15
222,Mia,Hill,mhill4681@icloud.com,749-208-2761,None,2024-09-27
223,Kai,Sanchez,ksanchez741@yahoo.com,610-252-4189,None,2024-10-22
224,Casey,Harris,charris7378@proton.me,982-763-5582,Gold,2025-09-30
225,Jamie,Rodriguez,jrodriguez6453@gmail.com,582-547-6990,Silver,2024-07-22
226,Ethan,Sanchez,esanchez659@proton.me,246-239-3245,Silver,2025-04-30
227,Ava,Robinson,arobinson9932@outlook.com,727-343-6373,Gold,2024-11-22
228,Sam,Sanchez,ssanchez4902@proton.me,807-544-9311,Gold,2025-06-29
229,Mia,Torres,mtorres7780@yahoo.com,217-577-6427,Silver,2025-03-02
230,Elliot,Johnson,ejohnson7775@proton.me,471-871-4728,Silver,2025-08-20
231,Emma,Hernandez,ehernandez6229@proton.me,351-897-4968,None,2025-12-18
232,Jamie,Gonzalez,jgonzalez7225@gmail.com,521-628-3481,None,2024-07-27
233,Noah,Allen,nallen7726@proton.me,953-944-2020,Silver,2025-06-15
234,Parker,Scott,pscott7837@yahoo.com,738-585-6140,Platinum,2025-04-15
235,Isabella,Perez,iperez5804@proton.me,892-990-5331,Silver,2024-07-15
236,Reese,Moore,rmoore4890@proton.me,430-504-5735,Silver,2025-12-07
237,Mia,Lee,mlee5714@icloud.com,773-938-5480,None,2025-08-10
238,Isabella,Harris,iharris5654@icloud.com,991-349-5758,None,2024-03-21
239,Emerson,Lewis,elewis7849@yahoo.com,419-406-9824,None,2025-07-29
240,Rowan,Rodriguez,rrodriguez9614@gmail.com,445-448-1831,Silver,2025-06-27
241,Hayden,Anderson,handerson1641@gmail.com,623-538-8739,None,2024-05-20
242,Alex,Scott,ascott6666@outlook.com,868-687-8822,Silver,2024-10-21
243,Jesse,Jackson,jjackson1465@gmail.com,867-787-4804,None,2024-02-08
244,Charlie,Clark,cclark595@outlook.com,606-707-4052,Gold,2024-10-23
245,Taylor,Smith,tsmith9305@yahoo.com,817-309-6489,None,2025-10-18
246,Isabella,King,iking2198@icloud.com,716-679-5470,None,2024-04-25
247,Dakota,Hernandez,dhernandez4215@icloud.com,935-390-1230,Silver,2024-10-29
248,Amelia,Gonzalez,agonzalez6643@outlook.com,637-727-6372,None,2025-11-16
249,Avery,Lopez,alopez7822@outlook.com,531-454-1111,None,2024-08-29
250,Sophia,Moore,smoore4947@yahoo.com,796-940-1187,None,2025-01-03
251,Reese,Brown,rbrown7625@gmail.com,514-363-7642,Silver,2025-12-21
252,Elliot,Davis,edavis6021@yahoo.com,829-426-4590,Platinum,2025-05-04
253,Drew,Robinson,drobinson6121@proton.me,625-918-9998,Gold,2025-07-04
254,Parker,Thomas,pthomas1341@proton.me,738-657-9653,Silver,2024-03-20
255,Amelia,Davis,adavis8972@gmail.com,717-407-9792,None,2024-12-01
256,Ava,Lewis,alewis3365@gmail.com,934-797-9008,None,2025-06-06
257,Sophia,Brown,sbrown2161@icloud.com,725-625-8484,Silver,2025-07-26
258,Liam,Martin,lmartin6487@gmail.com,460-203-4570,Silver,2024-02-16
259,Olivia,Thompson,othompson8866@gmail.com,261-270-8734,None,2025-02-22
260,Charlie,Rodriguez,crodriguez6135@icloud.com,591-659-7184,None,2025-11-30
261,Isabella,Rodriguez,irodriguez1943@yahoo.com,382-750-7439,None,2024-08-16
262,Alex,Johnson,ajohnson7585@yahoo.com,889-936-9920,None,2025-01-23
263,Hayden,Thomas,hthomas5671@icloud.com,358-482-4088,Gold,2024-04-25
264,Taylor,Clark,tclark256@proton.me,446-411-2102,None,2024-02-04
265,Sophia,Hill,shill4009@gmail.com,958-245-7590,None,2025-07-06
266,Parker,Brown,pbrown8255@outlook.com,496-439-6224,Silver,2025-11-19
267,Jesse,Thomas,jthomas2347@yahoo.com,876-733-4621,None,2024-10-08
268,Morgan,Scott,mscott2869@proton.me,841-895-7999,Silver,2024-02-18
269,Emerson,Harris,eharris5222@proton.me,913-626-7688,None,2025-01-20
270,Charlie,Wright,cwright3948@icloud.com,430-507-3365,Gold,2024-02-29
271,Lucas,Clark,lclark9130@icloud.com,742-337-7363,None,2024-07-27
272,Dakota,Garcia,dgarcia6079@icloud.com,294-748-4120,None,2025-01-21
273,Taylor,Jones,tjones9626@outlook.com,941-887-4555,None,2024-12-06
274,Elliot,Smith,esmith3113@outlook.com,959-320-8846,Gold,2025-12-13
275,Parker,Sanchez,psanchez9045@outlook.com,529-994-5637,None,2025-06-30
276,Emerson,Martin,emartin5892@yahoo.com,725-709-8635,None,2025-04-25
277,Jesse,Wilson,jwilson5126@yahoo.com,623-246-4625,Silver,2024-01-17
278,Skyler,Scott,sscott9488@proton.me,937-627-5836,None,2024-12-03
279,Hayden,Harris,hharris4026@proton.me,711-763-6530,None,2025-05-15
280,Mia,Robinson,mrobinson5770@outlook.com,373-343-9954,None,2025-07-09
281,Morgan,King,mking1217@gmail.com,884-249-1104,None,2025-10-07
282,Hayden,Jones,hjones149@outlook.com,423-717-8471,None,2025-09-24
283,Emma,Young,eyoung108@gmail.com,744-764-7739,None,2025-06-26
284,Rowan,Wright,rwright280@yahoo.com,714-914-8054,Gold,2024-07-02
285,Avery,Miller,amiller2439@proton.me,446-396-9625,None,2024-12-28
286,Rowan,Sanchez,rsanchez6112@gmail.com,615-670-4984,Platinum,2024-08-19
287,Elliot,Garcia,egarcia1531@gmail.com,615-588-7179,Silver,2024-02-27
288,Alex,Hernandez,ahernandez8189@gmail.com,644-860-6427,Silver,2024-04-07
289,Ava,Williams,awilliams3463@outlook.com,908-780-8790,None,2024-03-17
290,Rowan,Wright,rwright539@proton.me,383-522-1256,Platinum,2025-08-24
291,Drew,Sanchez,dsanchez4903@gmail.com,366-777-4939,Silver,2025-02-02
292,Isabella,Perez,iperez2292@icloud.com,905-941-2284,None,2024-12-20
293,Morgan,Miller,mmiller3803@icloud.com,277-548-7499,Platinum,2024-11-30
294,Jordan,Moore,jmoore8038@icloud.com,433-564-7150,None,2025-11-27
295,Logan,Garcia,lgarcia4839@proton.me,452-930-2204,None,2024-06-06
296,Logan,Martinez,lmartinez5188@icloud.com,569-309-2499,None,2024-11-11
297,Sophia,White,swhite1674@yahoo.com,335-289-4070,None,2025-07-24
298,Lucas,Allen,lallen1692@icloud.com,226-291-6798,Silver,2025-09-03
299,Jesse,Harris,jharris4781@gmail.com,623-597-2387,Silver,2025-07-26
300,Reese,Torres,rtorres2778@proton.me,901-589-3777,None,2024-11-04
301,Rowan,Young,ryoung1036@outlook.com,371-645-5521,None,2025-05-10
302,Casey,White,cwhite4040@yahoo.com,938-840-9123,Silver,2024-07-19
303,Liam,Miller,lmiller4991@outlook.com,206-605-6443,Gold,2025-01-24
304,Dakota,Lewis,dlewis7055@yahoo.com,866-808-3230,None,2025-09-09
305,Quinn,Walker,qwalker2910@yahoo.com,607-526-5775,Silver,2025-10-10
306,Mia,Torres,mtorres5339@outlook.com,585-487-7437,None,2025-07-31
307,Quinn,Nguyen,qnguyen2947@proton.me,898-986-1440,Platinum,2025-04-17
308,Parker,Lewis,plewis1133@yahoo.com,618-889-9180,None,2024-11-06
309,Reese,Taylor,rtaylor6932@outlook.com,586-275-8357,Platinum,2025-05-05
310,Mason,Wright,mwright6853@proton.me,756-237-6890,Silver,2025-07-03
311,Riley,Miller,rmiller5816@outlook.com,370-862-1725,Silver,2025-10-22
312,Mason,Perez,mperez1735@icloud.com,210-300-5239,None,2025-06-15
313,Lucas,Nguyen,lnguyen3621@proton.me,656-583-7408,None,2025-11-26
314,Ethan,Martinez,emartinez402@yahoo.com,694-307-5840,None,2024-03-28
315,Jamie,Martinez,jmartinez5110@yahoo.com,551-666-4389,None,2024-12-22
316,Emma,Miller,emiller7412@icloud.com,526-268-5919,None,2025-12-28
317,Jamie,Johnson,jjohnson1791@yahoo.com,893-368-4996,None,2025-07-19
318,Sam,Perez,sperez6985@proton.me,673-437-7636,Silver,2024-07-09
319,Olivia,Sanchez,osanchez3232@gmail.com,660-806-8037,None,2025-12-22
320,Parker,Wilson,pwilson1025@yahoo.com,791-304-9796,None,2024-11-29
321,Quinn,Robinson,qrobinson4298@gmail.com,886-701-9646,Platinum,2024-11-16
322,Logan,Flores,lflores9617@icloud.com,316-556-6766,Gold,2025-09-24
323,Charlie,Martin,cmartin9669@proton.me,286-888-3194,None,2024-09-01
324,Elliot,Davis,edavis6116@outlook.com,910-344-9369,None,2025-09-02
325,Cameron,Torres,ctorres6931@icloud.com,390-698-9804,Silver,2025-10-22
326,Charlie,Scott,cscott8022@outlook.com,495-343-4065,None,2025-04-06
327,Morgan,Thompson,mthompson7939@gmail.com,339-399-7290,Platinum,2025-06-01
328,Mia,Clark,mclark6809@icloud.com,927-654-9006,None,2025-08-01
329,Jordan,Anderson,janderson535@yahoo.com,481-430-9808,None,2025-04-13
330,Amelia,Young,ayoung8369@proton.me,315-786-2871,None,2025-07-10
331,Kai,Wright,kwright7231@gmail.com,759-423-7965,None,2025-10-31
332,Reese,Martin,rmartin7368@gmail.com,469-556-2425,None,2024-04-30
333,Reese,Wilson,rwilson5744@proton.me,927-824-8015,None,2024-05-22
334,Parker,Wilson,pwilson9340@gmail.com,559-745-5605,Silver,2024-06-21
335,Jesse,Jackson,jjackson9383@yahoo.com,473-726-2560,None,2025-02-25
336,Morgan,Moore,mmoore2174@outlook.com,455-349-6277,Gold,2025-11-23
337,Mason,Young,myoung9460@outlook.com,847-475-7786,None,2024-03-18
338,Riley,Sanchez,rsanchez4558@proton.me,911-577-8449,Platinum,2024-12-01
339,Alex,Garcia,agarcia5869@icloud.com,264-747-7516,None,2025-03-15
340,Parker,Young,pyoung5289@yahoo.com,490-545-9967,Silver,2025-08-02
341,Mia,Perez,mperez752@gmail.com,301-841-8529,None,2024-06-10
342,Sophia,Robinson,srobinson7009@gmail.com,407-905-3161,Gold,2024-11-05
343,Sam,Moore,smoore5905@gmail.com,456-284-7092,Silver,2025-10-26
344,Sam,Brown,sbrown5005@icloud.com,943-916-4836,None,2024-04-03
345,Avery,Smith,asmith7812@outlook.com,279-335-4705,None,2025-03-31
346,Alex,Smith,asmith1975@yahoo.com,632-910-3165,None,2024-08-22
347,Logan,Garcia,lgarcia1690@gmail.com,520-576-5902,None,2024-05-16
348,Drew,Jones,djones9228@proton.me,208-824-3688,None,2024-08-06
349,Drew,Clark,dclark7248@proton.me,422-288-2646,None,2024-05-06
350,Logan,Thompson,lthompson5152@icloud.com,343-453-5537,Silver,2024-09-11
351,Lucas,Hill,lhill9954@proton.me,491-997-1439,Gold,2025-11-05
352,Elliot,Wilson,ewilson9943@proton.me,721-393-7418,None,2024-02-25
353,Reese,Young,ryoung1847@icloud.com,446-711-2163,None,2024-01-13
354,Kai,Lee,klee6337@outlook.com,782-630-6986,None,2024-06-25
355,Emma,Jones,ejones9623@gmail.com,269-214-5295,None,2024-03-02
356,Mason,Allen,mallen8209@yahoo.com,985-625-7939,Silver,2024-03-25
357,Isabella,Wright,iwright2501@proton.me,484-285-6077,None,2024-07-27
358,Drew,Wright,dwright6401@yahoo.com,800-849-2083,None,2025-03-23
359,Reese,Brown,rbrown1412@outlook.com,644-318-8428,Silver,2024-02-26
360,Elliot,Lopez,elopez207@gmail.com,924-340-1185,None,2024-12-21
361,Ava,King,aking2735@yahoo.com,580-329-5403,Silver,2024-04-30
362,Jordan,Perez,jperez4456@icloud.com,736-265-5308,Silver,2025-08-13
363,Casey,Young,cyoung8368@icloud.com,568-256-9185,Gold,2024-06-19
364,Kai,Hernandez,khernandez1685@yahoo.com,787-890-2889,None,2025-06-05
365,Alex,Williams,awilliams4006@gmail.com,247-683-6963,None,2024-06-02
366,Charlie,Williams,cwilliams6870@proton.me,429-529-5067,None,2024-11-23
367,Rowan,Jones,rjones6108@proton.me,322-714-1862,None,2025-06-12
368,Taylor,Sanchez,tsanchez7620@gmail.com,489-992-6090,None,2025-07-20
369,Liam,Smith,lsmith3287@yahoo.com,498-777-5979,Silver,2024-09-05
370,Liam,White,lwhite8083@proton.me,991-994-4201,Silver,2025-07-13
371,Reese,Martinez,rmartinez6718@gmail.com,224-438-9872,None,2025-12-11
372,Alex,Perez,aperez6164@gmail.com,955-944-6038,None,2025-06-26
373,Reese,Clark,rclark981@icloud.com,345-928-5584,None,2024-08-25
374,Ava,Clark,aclark7511@yahoo.com,965-286-2565,None,2025-10-14
375,Mason,Jones,mjones9303@proton.me,263-645-3141,None,2024-09-24
376,Jesse,Sanchez,jsanchez5211@yahoo.com,663-478-4827,None,2024-07-26
377,Cameron,Nguyen,cnguyen2546@gmail.com,308-368-8365,None,2025-02-20
378,Jamie,Wright,jwright3401@yahoo.com,662-515-8591,None,2024-05-02
379,Riley,Hernandez,rhernandez9884@yahoo.com,241-420-6370,None,2025-12-29
380,Reese,Thompson,rthompson8412@icloud.com,250-893-5896,None,2024-06-27
381,Jordan,Sanchez,jsanchez9108@icloud.com,966-763-5093,None,2024-04-14
382,Cameron,Davis,cdavis1010@gmail.com,999-427-3141,None,2025-02-14
383,Kai,Garcia,kgarcia9602@proton.me,465-276-1357,Platinum,2024-07-21
384,Sophia,Rodriguez,srodriguez5432@gmail.com,325-243-8552,None,2025-08-10
385,Olivia,Sanchez,osanchez483@icloud.com,591-899-7990,None,2024-08-07
386,Charlie,Moore,cmoore7307@yahoo.com,352-235-5026,Silver,2025-05-25
387,Noah,Scott,nscott999@icloud.com,289-486-7275,None,2024-07-23
388,Ava,Thomas,athomas319@proton.me,591-930-6883,None,2025-05-11
389,Emerson,Torres,etorres5269@proton.me,597-476-3946,None,2025-09-03
390,Hayden,Johnson,hjohnson959@yahoo.com,683-742-6856,Silver,2024-08-26
391,Sam,Miller,smiller3951@outlook.com,472-746-1916,Silver,2024-08-12
392,Amelia,Harris,aharris2846@yahoo.com,380-442-6210,Gold,2025-12-15
393,Emerson,Nguyen,enguyen5761@gmail.com,781-777-3328,Silver,2024-07-11
394,Mia,Wright,mwright2876@yahoo.com,702-238-2478,None,2025-09-08
395,Hayden,Johnson,hjohnson7831@proton.me,200-539-4300,Gold,2024-12-14
396,Charlie,Lee,clee359@gmail.com,351-800-3320,Silver,2025-06-22
397,Kai,Jones,kjones6481@yahoo.com,800-303-6514,None,2024-05-19
398,Sam,Ramirez,sramirez5198@icloud.com,378-924-6846,None,2025-08-26
399,Charlie,Harris,charris4825@yahoo.com,330-381-1029,Gold,2025-08-09
400,Mason,Torres,mtorres2983@gmail.com,816-525-4619,Silver,2024-04-16
401,Mia,Martinez,mmartinez1274@yahoo.com,443-555-6234,None,2024-03-31
402,Dakota,Lewis,dlewis4345@gmail.com,414-455-2110,None,2024-04-20
403,Alex,Brown,abrown7179@icloud.com,950-629-3725,Gold,2025-05-19
404,Logan,Thompson,lthompson6149@proton.me,303-690-4695,None,2024-03-16
405,Taylor,Jackson,tjackson5221@gmail.com,467-307-2215,None,2025-01-19
406,Sam,Jones,sjones1525@proton.me,546-808-8909,Silver,2025-03-17
407,Sam,Hill,shill2573@icloud.com,254-303-6424,None,2024-07-13
408,Noah,Scott,nscott4346@proton.me,876-488-5872,None,2024-02-20
409,Mason,Torres,mtorres8043@proton.me,357-255-6911,None,2024-03-30
410,Finley,Hill,fhill3271@icloud.com,299-226-4390,None,2024-10-25
411,Riley,Walker,rwalker5052@gmail.com,607-682-9013,Gold,2024-09-28
412,Riley,Wright,rwright3029@icloud.com,579-590-7052,None,2024-02-15
413,Skyler,Lewis,slewis4315@icloud.com,431-475-2009,None,2025-12-14
414,Avery,Garcia,agarcia8871@yahoo.com,623-974-4727,Silver,2025-01-31
415,Ava,Clark,aclark7779@proton.me,786-441-8803,None,2025-02-08
416,Taylor,Allen,tallen8467@proton.me,785-893-3415,None,2025-04-04
417,Charlie,Hernandez,chernandez3157@outlook.com,329-243-7936,None,2025-11-30
418,Olivia,Gonzalez,ogonzalez9749@outlook.com,464-527-2097,None,2025-07-23
419,Mason,Scott,mscott4525@yahoo.com,732-669-1202,Silver,2025-09-30
420,Ava,Clark,aclark6790@gmail.com,353-351-2641,Gold,2025-07-30
421,Avery,Jackson,ajackson5633@proton.me,620-470-7275,Silver,2025-08-08
422,Emma,Williams,ewilliams4512@outlook.com,612-347-7581,None,2024-12-05
423,Reese,Brown,rbrown4400@icloud.com,581-220-6535,Gold,2024-11-06
424,Elliot,Moore,emoore1609@icloud.com,433-337-5923,Platinum,2025-03-29
425,Jesse,Moore,jmoore9911@icloud.com,861-291-4079,None,2025-02-20
426,Mia,King,mking920@yahoo.com,727-362-2075,None,2025-06-02
427,Mason,Rodriguez,mrodriguez9317@proton.me,229-377-4158,Gold,2024-07-24
428,Morgan,Thomas,mthomas7478@gmail.com,251-569-4262,None,2025-04-20
429,Ethan,Sanchez,esanchez500@gmail.com,447-581-9008,Silver,2024-06-30
430,Emma,Nguyen,enguyen5730@proton.me,552-367-5237,Silver,2025-12-06
431,Riley,Jackson,rjackson6333@gmail.com,250-366-4511,Gold,2025-10-24
432,Hayden,Wilson,hwilson6709@yahoo.com,725-220-1145,None,2024-05-15
433,Charlie,Hill,chill3666@gmail.com,458-822-6004,Silver,2025-12-27
434,Rowan,Ramirez,rramirez5713@icloud.com,670-458-4575,None,2025-11-24
435,Ava,Flores,aflores9576@icloud.com,304-207-9380,Platinum,2025-01-18
436,Lucas,Hill,lhill4631@proton.me,505-900-2771,None,2024-12-10
437,Rowan,Lee,rlee4278@yahoo.com,871-928-5895,None,2025-06-13
438,Reese,Brown,rbrown6620@proton.me,876-527-3292,Silver,2025-11-02
439,Mia,Jackson,mjackson6857@yahoo.com,614-597-1578,Silver,2025-08-08
440,Quinn,Perez,qperez8759@outlook.com,853-687-6873,None,2024-06-23
441,Lucas,Lopez,llopez1599@yahoo.com,682-331-5237,Silver,2025-07-26
442,Charlie,Perez,cperez3641@gmail.com,563-428-6031,None,2024-12-05
443,Kai,Taylor,ktaylor4817@proton.me,674-320-8709,None,2025-10-11
444,Casey,Walker,cwalker8199@outlook.com,322-897-7253,None,2025-02-27
445,Morgan,Martinez,mmartinez3281@outlook.com,550-619-8496,None,2024-07-03
446,Riley,Young,ryoung2897@yahoo.com,520-849-1950,None,2024-10-07
447,Parker,Hernandez,phernandez2595@proton.me,701-981-2442,None,2025-03-20
448,Olivia,Sanchez,osanchez7821@icloud.com,592-204-1618,None,2025-01-17
449,Alex,Lee,alee3122@proton.me,218-892-1067,Silver,2024-09-11
450,Hayden,Thompson,hthompson2112@yahoo.com,305-592-9246,Silver,2024-06-20
451,Casey,Williams,cwilliams4764@yahoo.com,666-945-9524,Silver,2024-12-11
452,Olivia,Rodriguez,orodriguez8031@yahoo.com,567-968-4087,None,2025-02-17
453,Jordan,Anderson,janderson2149@outlook.com,416-951-1359,Silver,2024-06-22
454,Jamie,White,jwhite6147@gmail.com,855-461-9761,Silver,2025-08-31
455,Morgan,Miller,mmiller790@gmail.com,906-318-7828,None,2024-05-06
456,Lucas,Taylor,ltaylor2508@icloud.com,410-911-1152,None,2025-11-08
457,Avery,King,aking9922@yahoo.com,917-340-7862,Gold,2024-04-17
458,Ethan,Flores,eflores4631@gmail.com,316-308-9154,None,2024-07-23
459,Skyler,King,sking5864@outlook.com,920-619-5839,None,2025-07-15
460,Mia,Wilson,mwilson5416@icloud.com,440-202-1208,Silver,2024-04-23
461,Amelia,Young,ayoung1475@outlook.com,998-723-2229,Silver,2024-04-13
462,Skyler,Anderson,sanderson4850@icloud.com,470-675-1820,None,2024-06-27
463,Taylor,Jackson,tjackson5123@yahoo.com,636-956-2898,None,2024-02-16
464,Alex,Rodriguez,arodriguez5384@outlook.com,566-648-5395,Gold,2024-04-05
465,Kai,Perez,kperez1865@outlook.com,610-609-8479,None,2025-01-29
466,Emma,Clark,eclark1852@outlook.com,335-912-1960,Platinum,2024-06-12
467,Avery,Clark,aclark7908@proton.me,782-894-8178,None,2025-01-23
468,Emerson,Flores,eflores2140@gmail.com,694-699-2850,Gold,2025-03-27
469,Taylor,Jones,tjones5148@yahoo.com,212-921-9598,Silver,2025-08-13
470,Amelia,Anderson,aanderson8504@yahoo.com,735-904-2560,None,2024-09-11
471,Emma,Thompson,ethompson2435@icloud.com,771-827-1894,None,2024-06-09
472,Ethan,Walker,ewalker2709@icloud.com,276-969-9055,None,2024-12-04
473,Rowan,Brown,rbrown3648@proton.me,763-858-7203,None,2024-08-28
474,Riley,Robinson,rrobinson9388@icloud.com,658-290-9166,None,2024-05-01
475,Mia,Johnson,mjohnson6609@gmail.com,622-236-9996,None,2024-04-03
476,Elliot,Allen,eallen3389@proton.me,870-887-8474,Platinum,2025-01-07
477,Morgan,Anderson,manderson5439@icloud.com,773-985-8751,Silver,2025-01-07
478,Sophia,Davis,sdavis3633@gmail.com,202-549-6818,Gold,2024-10-25
479,Lucas,King,lking1741@yahoo.com,246-368-9067,None,2025-02-23
480,Avery,Taylor,ataylor3209@proton.me,392-323-7437,None,2024-07-14
481,Dakota,Miller,dmiller761@icloud.com,848-888-3018,Silver,2025-04-06
482,Liam,Nguyen,lnguyen2205@proton.me,710-204-9689,Silver,2025-07-20
483,Olivia,Nguyen,onguyen8328@icloud.com,999-381-3845,Silver,2024-05-11
484,Avery,Harris,aharris9931@proton.me,529-716-7302,None,2025-09-15
485,Reese,Moore,rmoore5617@icloud.com,501-663-3185,None,2025-09-08
486,Ethan,Martin,emartin5143@proton.me,928-954-4560,None,2025-10-01
487,Finley,Thompson,fthompson2913@outlook.com,715-755-6281,Silver,2024-12-26
488,Lucas,Walker,lwalker9349@proton.me,883-927-7839,Silver,2025-06-30
489,Finley,Ramirez,framirez8564@gmail.com,309-225-7240,None,2025-11-17
490,Morgan,Gonzalez,mgonzalez2636@yahoo.com,493-899-5105,None,2024-03-04
491,Finley,Wilson,fwilson529@proton.me,567-663-2679,Silver,2025-11-22
492,Lucas,Anderson,landerson6371@proton.me,443-723-5712,Silver,2024-02-18
493,Logan,Harris,lharris5122@icloud.com,765-255-1212,Silver,2024-07-26
494,Sophia,Anderson,sanderson9640@yahoo.com,759-956-4218,Silver,2024-07-17
495,Finley,Lewis,flewis1220@outlook.com,391-377-9418,None,2024-02-11
496,Olivia,Moore,omoore4329@proton.me,333-364-5178,None,2025-04-22
497,Drew,Williams,dwilliams5285@outlook.com,811-252-5934,None,2025-08-09
498,Lucas,Thompson,lthompson5207@gmail.com,738-425-4012,None,2025-06-01
499,Sam,Clark,sclark8798@proton.me,613-294-6724,None,2024-08-06
500,Dakota,Perez,dperez4809@yahoo.com,423-970-9691,None,2025-07-28
501,Alex,Davis,adavis7301@yahoo.com,446-857-4994,Platinum,2025-11-29
502,Jesse,Harris,jharris6322@gmail.com,462-753-5633,None,2025-06-13
503,Kai,Allen,kallen7300@proton.me,698-244-5856,Gold,2024-07-16
504,Jesse,Allen,jallen1572@gmail.com,371-991-9814,None,2025-10-03
505,Casey,Wilson,cwilson6950@outlook.com,306-410-9810,Gold,2025-03-21
506,Casey,Martinez,cmartinez7523@gmail.com,934-539-1620,None,2024-02-25
507,Charlie,Taylor,ctaylor1154@proton.me,788-433-5237,None,2025-04-06
508,Mason,Ramirez,mramirez276@yahoo.com,598-889-2938,None,2025-10-18
509,Casey,Nguyen,cnguyen1189@gmail.com,566-714-2738,None,2025-12-03
510,Elliot,Hill,ehill4612@gmail.com,983-648-7249,None,2025-11-07
511,Jordan,Walker,jwalker8740@outlook.com,425-339-7406,Silver,2025-07-12
512,Finley,Martinez,fmartinez6113@yahoo.com,211-766-3316,None,2024-01-06
513,Amelia,Hill,ahill8800@icloud.com,760-287-5992,None,2024-12-18
514,Parker,Clark,pclark2333@proton.me,364-388-4617,Silver,2024-09-15
515,Quinn,Davis,qdavis9294@outlook.com,255-969-9992,None,2025-07-16
516,Casey,Jackson,cjackson4107@gmail.com,300-402-8982,Platinum,2024-12-31
517,Cameron,Thomas,cthomas4671@gmail.com,834-271-4170,None,2025-04-06
518,Dakota,Flores,dflores9571@yahoo.com,356-779-6971,Gold,2025-03-14
519,Sam,Smith,ssmith4033@yahoo.com,426-929-8145,None,2025-01-03
520,Cameron,Perez,cperez7583@icloud.com,656-567-6004,None,2024-04-21
521,Charlie,Hill,chill4597@gmail.com,343-751-4218,None,2025-10-03
522,Casey,Jones,cjones8309@gmail.com,846-231-7637,Silver,2024-08-05
523,Taylor,Scott,tscott8904@yahoo.com,752-683-3435,None,2024-08-16
524,Finley,Rodriguez,frodriguez8210@icloud.com,722-292-7500,None,2024-01-11
525,Reese,Flores,rflores8423@outlook.com,343-656-3608,None,2025-08-02
526,Drew,Walker,dwalker662@yahoo.com,424-979-8989,None,2024-09-27
527,Kai,Anderson,kanderson3387@gmail.com,730-569-7358,None,2025-04-10
528,Taylor,Williams,twilliams1691@yahoo.com,920-733-5480,Gold,2024-09-26
529,Isabella,Torres,itorres6171@outlook.com,869-587-6985,Silver,2024-03-20
530,Ava,Taylor,ataylor3651@icloud.com,728-615-6781,Gold,2024-12-19
531,Mia,Walker,mwalker108@proton.me,713-342-8207,None,2024-03-19
532,Ethan,Moore,emoore2461@outlook.com,391-361-6934,Silver,2024-05-01
533,Hayden,Clark,hclark1856@yahoo.com,693-891-8844,None,2025-08-27
534,Sam,Clark,sclark3992@gmail.com,244-330-3639,None,2025-06-08
535,Taylor,Torres,ttorres916@outlook.com,370-464-3949,None,2025-02-19
536,Amelia,Johnson,ajohnson1404@yahoo.com,421-659-8723,Gold,2024-06-23
537,Hayden,Clark,hclark2338@proton.me,796-985-3979,Silver,2025-06-07
538,Skyler,Hernandez,shernandez7429@yahoo.com,810-804-2127,None,2025-01-29
539,Cameron,Miller,cmiller3315@gmail.com,735-716-7877,Gold,2025-09-12
540,Avery,Lopez,alopez9827@icloud.com,239-744-9246,Silver,2024-04-05
541,Emma,Rodriguez,erodriguez8835@proton.me,201-993-8069,None,2025-01-14
542,Taylor,King,tking3759@icloud.com,693-987-7246,None,2025-12-14
543,Amelia,Miller,amiller2193@icloud.com,460-688-4809,Gold,2024-03-26
544,Finley,Hill,fhill6695@proton.me,463-393-1089,Silver,2024-01-08
545,Amelia,King,aking8515@gmail.com,207-584-4365,Silver,2024-11-19
546,Noah,White,nwhite2535@gmail.com,636-867-5155,None,2025-07-02
547,Olivia,Torres,otorres4514@yahoo.com,896-606-4337,None,2025-07-24
548,Emma,Lopez,elopez9160@yahoo.com,768-695-5157,Platinum,2025-08-14
549,Emerson,Sanchez,esanchez1951@outlook.com,965-435-8317,Silver,2024-06-14
550,Avery,Wilson,awilson6562@proton.me,546-763-1852,None,2025-10-13
551,Alex,Garcia,agarcia7727@outlook.com,814-645-2444,None,2024-08-15
552,Kai,Garcia,kgarcia618@proton.me,941-593-7564,Silver,2025-06-17
553,Finley,Hill,fhill2871@gmail.com,855-706-8192,None,2025-11-03
554,Ava,Jackson,ajackson550@outlook.com,813-722-9451,Silver,2025-09-21
555,Sam,Williams,swilliams3919@yahoo.com,870-200-3579,None,2024-10-09
556,Mason,Thompson,mthompson6642@icloud.com,800-405-9482,None,2025-12-21
557,Casey,Garcia,cgarcia4661@proton.me,943-772-6703,None,2024-10-10
558,Hayden,Hill,hhill7450@outlook.com,613-788-1076,None,2025-02-20
559,Ethan,Miller,emiller1185@proton.me,715-501-6570,Gold,2025-06-09
560,Skyler,Wright,swright4098@proton.me,910-653-7178,Silver,2024-09-06
561,Dakota,Robinson,drobinson9614@icloud.com,228-693-2904,None,2025-01-26
562,Hayden,Anderson,handerson6757@yahoo.com,561-728-9776,None,2024-09-26
563,Reese,Jackson,rjackson6536@gmail.com,889-966-6603,None,2024-07-01
564,Emma,Lee,elee3580@yahoo.com,787-475-3994,Gold,2025-11-30
565,Quinn,Young,qyoung3847@outlook.com,953-447-5348,None,2024-07-26
566,Reese,Flores,rflores2555@yahoo.com,997-309-2964,Gold,2025-11-23
567,Mia,Flores,mflores8871@gmail.com,243-693-7081,Silver,2025-05-19
568,Amelia,Moore,amoore2996@icloud.com,982-723-5591,None,2025-08-13
569,Cameron,Brown,cbrown6933@proton.me,689-753-1533,None,2025-02-07
570,Charlie,Robinson,crobinson8490@gmail.com,671-523-1137,None,2024-08-03
571,Logan,Nguyen,lnguyen5331@gmail.com,570-827-5254,None,2024-09-26
572,Reese,Moore,rmoore5621@icloud.com,574-388-9171,None,2025-03-05
573,Kai,White,kwhite4581@icloud.com,661-384-3148,Platinum,2025-12-03
574,Hayden,Miller,hmiller3863@yahoo.com,768-642-7240,None,2024-06-02
575,Emma,Smith,esmith6906@outlook.com,711-337-9470,None,2024-11-19
576,Mia,Martin,mmartin9210@yahoo.com,781-248-7527,None,2024-06-16
577,Morgan,Wilson,mwilson7807@yahoo.com,844-298-8370,Silver,2024-09-23
578,Kai,White,kwhite9133@proton.me,463-552-1324,None,2024-12-25
579,Quinn,Torres,qtorres8821@proton.me,378-999-5663,None,2025-11-20
580,Ethan,Young,eyoung1284@icloud.com,590-828-5694,None,2024-05-28
581,Sam,Perez,sperez9365@icloud.com,614-273-2296,None,2024-08-21
582,Jesse,Lee,jlee4382@yahoo.com,819-860-7479,None,2025-03-31
583,Kai,Nguyen,knguyen7377@proton.me,623-371-4012,Gold,2024-05-08
584,Reese,Taylor,rtaylor3450@gmail.com,370-606-2687,None,2025-04-29
585,Lucas,Brown,lbrown6504@gmail.com,736-983-2363,None,2025-09-24
586,Drew,Garcia,dgarcia5068@icloud.com,434-453-5655,None,2024-05-09
587,Cameron,King,cking468@outlook.com,235-879-6846,Gold,2024-11-29
588,Emma,Robinson,erobinson4463@proton.me,761-655-3213,Platinum,2025-12-15
589,Isabella,Lopez,ilopez9790@proton.me,667-846-8126,None,2025-10-16
590,Isabella,Martin,imartin7891@yahoo.com,752-432-2467,None,2025-01-09
591,Noah,Taylor,ntaylor4973@outlook.com,210-200-9574,Gold,2024-05-19
592,Emerson,Jackson,ejackson8767@icloud.com,208-904-9059,Gold,2025-05-03
593,Elliot,Smith,esmith4799@icloud.com,811-436-1118,None,2024-07-12
594,Noah,Scott,nscott6467@icloud.com,455-367-7385,Gold,2024-08-13
595,Skyler,Garcia,sgarcia3924@icloud.com,729-982-5454,None,2025-06-28
596,Rowan,Clark,rclark1121@outlook.com,386-339-5744,None,2025-04-11
597,Sophia,Moore,smoore8060@proton.me,392-528-1317,None,2025-07-01
598,Jordan,Lopez,jlopez4622@gmail.com,475-328-8183,Silver,2024-08-26
599,Riley,Martinez,rmartinez8086@gmail.com,422-550-7885,None,2025-05-25
600,Kai,Robinson,krobinson5410@gmail.com,282-968-3393,None,2025-02-05
601,Casey,Wright,cwright2975@icloud.com,396-456-7251,Gold,2024-05-04
602,Reese,Harris,rharris4049@icloud.com,955-234-4263,None,2024-04-06
603,Ava,Wilson,awilson6375@icloud.com,897-519-6293,None,2024-02-13
604,Lucas,King,lking4150@gmail.com,692-853-5895,None,2024-02-23
605,Parker,Davis,pdavis7113@outlook.com,532-215-3742,Silver,2025-08-21
606,Jamie,Sanchez,jsanchez146@outlook.com,243-795-8786,Silver,2024-06-07
607,Kai,Garcia,kgarcia2583@outlook.com,711-293-6544,Gold,2025-10-02
608,Morgan,Brown,mbrown2521@yahoo.com,918-749-2759,None,2024-08-26
609,Jesse,Scott,jscott7187@yahoo.com,950-397-1349,Silver,2025-01-01
610,Cameron,Taylor,ctaylor7951@gmail.com,923-648-5828,None,2025-05-16
611,Quinn,Torres,qtorres8906@outlook.com,556-531-8674,None,2025-09-05
612,Lucas,Hernandez,lhernandez8702@gmail.com,358-660-5844,Gold,2025-07-08
613,Kai,Robinson,krobinson8289@gmail.com,588-951-4039,Gold,2025-09-26
614,Kai,Flores,kflores5254@outlook.com,938-264-9830,Gold,2024-07-13
615,Ava,Young,ayoung2525@proton.me,827-489-6285,None,2024-11-25
616,Jamie,Miller,jmiller1092@proton.me,244-332-3926,Gold,2024-07-25
617,Avery,Young,ayoung1617@outlook.com,232-784-7366,Silver,2025-06-22
618,Skyler,Brown,sbrown3616@yahoo.com,820-935-2161,None,2024-08-01
619,Mia,Garcia,mgarcia994@icloud.com,569-771-7814,Gold,2025-12-26
620,Morgan,Flores,mflores8667@yahoo.com,241-951-2153,Gold,2024-03-20
621,Parker,King,pking1658@gmail.com,942-436-9710,None,2024-07-16
622,Ava,Thomas,athomas2931@proton.me,771-967-7802,Silver,2025-10-15
623,Amelia,Thompson,athompson6997@icloud.com,306-370-3955,None,2025-05-31
624,Dakota,Hernandez,dhernandez9829@proton.me,653-560-6163,Silver,2024-11-28
625,Kai,Clark,kclark5299@icloud.com,823-446-9939,None,2025-07-17
626,Skyler,White,swhite7331@icloud.com,606-200-1567,Platinum,2025-09-02
627,Jordan,King,jking4945@outlook.com,206-507-4635,None,2024-11-18
628,Jordan,Moore,jmoore8376@proton.me,769-784-3534,None,2025-04-16
629,Emerson,Martinez,emartinez4341@outlook.com,575-796-5093,None,2024-11-03
630,Riley,Torres,rtorres9323@icloud.com,422-951-2264,Silver,2025-05-09
631,Charlie,Young,cyoung1562@proton.me,809-857-5921,None,2025-08-13
632,Logan,Garcia,lgarcia5478@gmail.com,556-644-7824,Gold,2024-05-03
633,Hayden,Hill,hhill6266@gmail.com,255-512-9591,None,2025-07-06
634,Amelia,Martinez,amartinez8231@yahoo.com,914-426-3509,None,2025-02-06
635,Sophia,Hill,shill8269@proton.me,292-427-8076,None,2025-02-07
636,Drew,Rodriguez,drodriguez1352@yahoo.com,687-785-1807,None,2024-09-25
637,Riley,Sanchez,rsanchez7118@proton.me,992-914-3136,Silver,2025-05-07
638,Lucas,Gonzalez,lgonzalez6476@icloud.com,867-785-4212,Silver,2025-06-20
639,Reese,Thomas,rthomas4362@gmail.com,995-640-6298,Silver,2025-08-12
640,Riley,Davis,rdavis6939@icloud.com,574-556-4120,None,2025-08-31
641,Jordan,Martin,jmartin5729@outlook.com,831-652-3389,None,2024-08-27
642,Quinn,White,qwhite1405@outlook.com,315-957-1893,None,2025-09-27
643,Drew,Jackson,djackson5624@gmail.com,910-313-5999,None,2024-01-24
644,Dakota,Wilson,dwilson3471@proton.me,408-759-9573,Silver,2025-07-15
645,Emma,Flores,eflores301@outlook.com,585-796-9631,None,2024-06-23
646,Morgan,Jackson,mjackson4444@outlook.com,254-676-1136,None,2025-11-07
647,Rowan,White,rwhite312@gmail.com,499-864-7332,None,2025-01-24
648,Ethan,Miller,emiller7940@yahoo.com,811-744-2442,None,2025-05-27
649,Liam,Scott,lscott651@gmail.com,453-742-5995,None,2025-02-06
650,Sam,Johnson,sjohnson5765@yahoo.com,563-840-5953,None,2025-05-28
651,Rowan,Brown,rbrown6343@yahoo.com,230-768-5590,None,2024-12-15
652,Mason,Rodriguez,mrodriguez6262@gmail.com,733-894-4726,None,2025-08-09
653,Drew,Ramirez,dramirez9918@yahoo.com,537-659-9883,None,2025-10-30
654,Cameron,Nguyen,cnguyen3314@proton.me,341-516-9582,Gold,2025-03-16
655,Drew,Torres,dtorres5201@outlook.com,269-770-9732,Gold,2024-05-01
656,Charlie,Lee,clee483@outlook.com,983-526-7783,Platinum,2024-11-06
657,Sophia,Moore,smoore3079@outlook.com,309-334-4026,None,2025-09-18
658,Rowan,Hill,rhill3783@proton.me,810-437-4783,Silver,2025-01-02
659,Riley,Walker,rwalker8230@outlook.com,819-680-7126,None,2025-01-31
660,Mia,Walker,mwalker2683@outlook.com,397-431-1528,None,2024-01-16
661,Rowan,Clark,rclark3323@outlook.com,975-409-2083,None,2025-03-25
662,Mia,Lee,mlee4043@icloud.com,637-614-1685,Silver,2025-01-24
663,Jesse,Sanchez,jsanchez9370@proton.me,808-749-9605,Silver,2025-12-22
664,Taylor,King,tking7399@gmail.com,667-243-5025,None,2025-02-09
665,Taylor,Scott,tscott8456@icloud.com,983-845-1807,None,2025-03-26
666,Mason,Martin,mmartin7558@yahoo.com,370-632-5823,Silver,2024-02-25
667,Ava,Martinez,amartinez7400@icloud.com,292-939-9202,None,2025-08-22
668,Isabella,Rodriguez,irodriguez6775@icloud.com,531-661-1408,None,2025-08-27
669,Quinn,Robinson,qrobinson4097@gmail.com,531-908-3686,Silver,2024-05-06
670,Riley,Davis,rdavis5946@icloud.com,287-736-7292,Silver,2025-06-07
671,Sam,Harris,sharris6235@proton.me,244-986-3799,Gold,2025-08-02
672,Drew,Hernandez,dhernandez2930@outlook.com,987-929-1840,None,2024-11-12
673,Sophia,Jackson,sjackson1926@outlook.com,334-407-1057,Silver,2024-09-16
674,Alex,Robinson,arobinson8169@icloud.com,756-205-9084,None,2025-08-25
675,Emma,Robinson,erobinson7239@icloud.com,281-815-1107,None,2025-07-14
676,Rowan,Flores,rflores3401@proton.me,250-389-3429,None,2024-12-23
677,Taylor,Martinez,tmartinez9471@gmail.com,817-505-6424,Gold,2024-02-20
678,Avery,Clark,aclark2643@outlook.com,888-491-3906,Platinum,2025-08-15
679,Kai,Williams,kwilliams4903@gmail.com,530-577-7208,Gold,2025-03-13
680,Lucas,Jones,ljones7713@yahoo.com,337-324-5496,None,2025-02-27
681,Ava,Wilson,awilson953@outlook.com,311-785-9666,Platinum,2025-05-10
682,Finley,Ramirez,framirez5185@proton.me,465-738-6797,Gold,2025-09-21
683,Amelia,Young,ayoung8154@proton.me,704-384-4812,Silver,2024-07-17
684,Alex,Davis,adavis7616@gmail.com,840-320-4396,Silver,2025-02-28
685,Noah,Williams,nwilliams5728@yahoo.com,773-852-4478,None,2024-07-25
686,Finley,Taylor,ftaylor5042@gmail.com,507-718-6307,Silver,2024-04-26
687,Dakota,Perez,dperez9321@icloud.com,830-229-3877,None,2024-12-12
688,Emma,Walker,ewalker2224@gmail.com,693-359-8546,Gold,2025-07-03
689,Dakota,Robinson,drobinson917@icloud.com,733-506-6169,Silver,2024-01-20
690,Parker,Torres,ptorres5793@yahoo.com,267-352-5595,Gold,2024-12-13
691,Logan,Wright,lwright9354@outlook.com,820-598-4070,Silver,2024-11-11
692,Jesse,Williams,jwilliams6780@yahoo.com,288-708-4893,None,2024-11-05
693,Parker,King,pking2867@yahoo.com,314-583-1612,Silver,2024-04-04
694,Sophia,Allen,sallen7907@gmail.com,712-357-4116,None,2025-05-10
695,Ava,Martin,amartin2347@yahoo.com,987-300-9456,Silver,2024-05-15
696,Parker,Williams,pwilliams6350@icloud.com,930-734-2897,None,2024-02-15
697,Riley,Perez,rperez755@icloud.com,305-733-6119,None,2024-11-15
698,Parker,Lee,plee3154@outlook.com,493-483-9720,None,2025-03-27
699,Jamie,Moore,jmoore2580@outlook.com,480-317-1249,Platinum,2025-07-27
700,Ethan,Miller,emiller8888@outlook.com,558-762-6218,None,2025-12-22
701,Finley,Torres,ftorres2806@outlook.com,272-518-6549,None,2024-02-21
702,Cameron,Johnson,cjohnson826@icloud.com,308-592-1881,None,2025-02-05
703,Charlie,Hill,chill7304@proton.me,831-564-6119,None,2024-07-21
704,Isabella,Garcia,igarcia9302@icloud.com,334-295-8672,None,2024-11-13
705,Liam,Walker,lwalker3666@outlook.com,347-831-5227,Gold,2025-02-05
706,Charlie,Perez,cperez7426@yahoo.com,699-230-2070,None,2024-12-25
707,Emma,Robinson,erobinson4624@outlook.com,986-556-3087,None,2025-02-19
708,Avery,Lee,alee1162@proton.me,509-745-8552,None,2025-02-27
709,Reese,Flores,rflores8977@outlook.com,362-693-7288,None,2024-08-01
710,Olivia,Ramirez,oramirez5606@proton.me,757-910-4869,None,2025-11-16
711,Casey,Torres,ctorres1873@icloud.com,806-810-8584,None,2024-04-09
712,Sophia,Lopez,slopez6648@yahoo.com,271-812-2781,Silver,2025-09-02
713,Logan,Lee,llee1007@icloud.com,292-422-3276,Gold,2025-10-13
714,Alex,Martinez,amartinez7421@outlook.com,744-498-7389,Silver,2025-04-02
715,Quinn,Wilson,qwilson4910@yahoo.com,783-895-5989,Gold,2025-03-21
716,Emerson,Garcia,egarcia133@proton.me,826-722-7622,Gold,2024-10-28
717,Morgan,White,mwhite870@proton.me,200-920-6885,None,2024-10-15
718,Jordan,Thomas,jthomas9669@icloud.com,603-840-6212,Silver,2025-02-19
719,Logan,Ramirez,lramirez3460@proton.me,878-377-8780,None,2025-07-22
720,Logan,White,lwhite2527@icloud.com,495-886-3056,None,2024-03-14
721,Jordan,Martinez,jmartinez7155@icloud.com,339-286-3248,Silver,2025-03-01
722,Liam,Hill,lhill2945@icloud.com,665-721-7948,Silver,2025-04-05
723,Logan,Thompson,lthompson3044@outlook.com,634-819-1121,Silver,2024-08-30
724,Ethan,Moore,emoore8948@icloud.com,790-575-1548,Platinum,2025-08-04
725,Emma,White,ewhite9507@gmail.com,693-907-2311,None,2025-06-23
726,Rowan,Robinson,rrobinson1281@proton.me,735-824-2449,None,2025-10-07
727,Casey,Wright,cwright5119@proton.me,827-254-6628,None,2024-01-12
728,Emma,Robinson,erobinson7687@proton.me,787-951-6431,None,2024-10-28
729,Finley,Hernandez,fhernandez9791@gmail.com,967-511-5267,None,2025-04-29
730,Sam,Torres,storres4780@gmail.com,955-839-1447,None,2024-03-25
731,Cameron,Allen,callen4552@gmail.com,458-335-5603,None,2024-09-20
732,Alex,Davis,adavis2860@proton.me,805-956-3476,Silver,2025-01-13
733,Charlie,Taylor,ctaylor7944@outlook.com,385-740-1542,None,2024-03-27
734,Drew,Hill,dhill8125@outlook.com,970-622-7277,None,2025-03-26
735,Sam,Wilson,swilson5653@proton.me,255-857-5331,Silver,2024-04-28
736,Morgan,Hernandez,mhernandez6533@icloud.com,687-508-8803,Silver,2025-06-29
737,Hayden,Harris,hharris7775@icloud.com,468-348-9690,Gold,2024-01-13
738,Finley,Lewis,flewis5172@icloud.com,742-899-1672,None,2025-06-28
739,Emerson,Ramirez,eramirez4466@proton.me,543-476-5375,Gold,2024-09-18
740,Mason,Robinson,mrobinson9645@outlook.com,988-399-9518,None,2025-12-07
741,Charlie,Lee,clee173@proton.me,888-208-2113,None,2024-04-10
742,Ava,Miller,amiller5759@icloud.com,424-942-5641,None,2024-02-04
743,Jordan,Flores,jflores931@gmail.com,808-872-4552,Platinum,2025-10-15
744,Jamie,Davis,jdavis9907@gmail.com,333-584-4027,Gold,2025-12-13
745,Charlie,Taylor,ctaylor7650@yahoo.com,876-277-8429,Gold,2024-10-10
746,Olivia,Lee,olee2653@yahoo.com,999-275-5543,Silver,2025-01-26
747,Logan,Perez,lperez4230@gmail.com,471-382-8218,None,2024-07-24
748,Mason,Lopez,mlopez1776@icloud.com,347-753-8065,None,2025-10-20
749,Avery,Lewis,alewis1692@yahoo.com,235-274-2153,Silver,2024-09-13
750,Sophia,Johnson,sjohnson2438@icloud.com,868-855-1014,Gold,2025-11-11
751,Logan,Moore,lmoore5403@outlook.com,600-788-1060,None,2025-05-17
752,Emma,Ramirez,eramirez1148@icloud.com,753-431-1054,None,2025-12-06
753,Emma,Davis,edavis8770@proton.me,567-541-5961,None,2025-10-09
754,Riley,White,rwhite5571@proton.me,282-670-5750,Silver,2024-06-29
755,Lucas,Williams,lwilliams3129@icloud.com,506-912-7391,Gold,2025-10-07
756,Emerson,Young,eyoung7175@gmail.com,952-394-3292,None,2024-01-26
757,Reese,Young,ryoung1032@icloud.com,753-858-6041,None,2025-04-05
758,Jordan,Williams,jwilliams918@yahoo.com,545-938-1701,None,2024-08-04
759,Ava,Robinson,arobinson2440@proton.me,958-793-4817,Gold,2024-02-07
760,Drew,Young,dyoung7720@gmail.com,833-246-4976,Silver,2024-05-13
761,Alex,Lopez,alopez5035@gmail.com,299-667-3796,Gold,2024-03-06
762,Avery,Davis,adavis9748@icloud.com,830-425-2033,Gold,2025-03-12
763,Dakota,Sanchez,dsanchez1979@yahoo.com,900-789-9943,None,2024-08-06
764,Taylor,Nguyen,tnguyen5496@outlook.com,264-323-5487,None,2025-03-01
765,Sam,White,swhite2703@proton.me,649-449-1666,None,2025-10-09
766,Logan,Hernandez,lhernandez7978@gmail.com,282-206-1118,None,2024-04-01
767,Finley,Clark,fclark2079@icloud.com,411-346-5439,None,2025-02-25
768,Reese,Lopez,rlopez616@proton.me,810-384-9190,Silver,2024-03-31
769,Elliot,Thompson,ethompson74@icloud.com,771-441-4144,None,2025-06-26
770,Avery,Flores,aflores8842@yahoo.com,719-424-8605,Silver,2025-11-06
771,Parker,Moore,pmoore3173@gmail.com,315-352-8772,None,2024-06-12
772,Taylor,Brown,tbrown4670@yahoo.com,414-645-5118,None,2025-04-09
773,Taylor,Miller,tmiller8804@gmail.com,380-361-1476,None,2024-04-28
774,Casey,Thomas,cthomas9710@icloud.com,793-533-7865,None,2025-11-24
775,Jesse,Anderson,janderson5343@gmail.com,433-300-4884,Silver,2024-07-23
776,Logan,Anderson,landerson7716@gmail.com,799-696-1890,Gold,2024-05-28
777,Parker,Flores,pflores2917@icloud.com,596-582-3234,None,2024-07-17
778,Emerson,Moore,emoore5503@outlook.com,330-232-1977,None,2024-04-23
779,Liam,Robinson,lrobinson2804@icloud.com,978-551-4602,Gold,2025-09-10
780,Sam,Flores,sflores9471@outlook.com,766-435-2416,None,2025-06-18
781,Mia,Wilson,mwilson7757@proton.me,673-485-1237,Silver,2024-09-09
782,Reese,Lee,rlee9493@icloud.com,427-805-3440,Gold,2024-01-06
783,Noah,Williams,nwilliams7711@gmail.com,951-987-9261,None,2025-06-27
784,Mason,Walker,mwalker7412@gmail.com,707-446-2361,Silver,2024-01-13
785,Noah,Wilson,nwilson5872@outlook.com,502-444-2486,None,2025-11-16
786,Elliot,Hernandez,ehernandez9345@icloud.com,965-797-1399,Platinum,2025-04-19
787,Cameron,Sanchez,csanchez6068@outlook.com,841-675-1022,Gold,2024-03-13
788,Logan,Perez,lperez535@proton.me,503-636-5420,Silver,2025-09-19
789,Isabella,Torres,itorres1326@outlook.com,835-543-1898,None,2025-11-21
790,Kai,Brown,kbrown6274@gmail.com,574-676-1669,None,2024-06-28
791,Lucas,Jones,ljones3354@proton.me,341-542-4909,None,2025-10-26
792,Emma,Nguyen,enguyen3693@outlook.com,528-561-5380,None,2025-03-09
793,Rowan,Brown,rbrown6108@gmail.com,553-663-8966,None,2024-05-05
794,Emma,Wright,ewright4788@proton.me,662-835-7031,Silver,2025-12-10
795,Casey,Gonzalez,cgonzalez1430@icloud.com,282-600-3929,None,2024-03-19
796,Avery,Hernandez,ahernandez1835@yahoo.com,913-351-9131,None,2024-07-28
797,Ava,Johnson,ajohnson6824@yahoo.com,898-754-3163,None,2025-03-06
798,Sophia,Johnson,sjohnson3097@yahoo.com,264-222-4806,Gold,2025-06-16
799,Dakota,Clark,dclark5616@proton.me,871-861-6346,None,2025-11-12
800,Ava,Scott,ascott7503@icloud.com,511-780-3161,Gold,2024-11-09
